{"cameraMode":{"drawMode":0,"name":"Shaded","section":"Shading Mode"},"sceneLighting":false,"audioPlay":false,"sceneViewState":{"showFog":false,"showMaterialUpdate":false,"showSkybox":false,"showFlares":false,"showImageEffects":false,"showParticleSystems":false},"in2DMode":false,"pivot":{"x":-55.87786102294922,"y":6.456927299499512,"z":-2.822549819946289},"rotation":{"x":0.1443331241607666,"y":-0.028197601437568666,"z":0.004114607814699411,"w":0.9891188144683838},"size":20.500585556030275,"orthographic":false}